<?xml version="1.0"?>
<doc>
    <assembly>
        <name>BeautyShopAPI</name>
    </assembly>
    <members>
        <member name="T:BeautyShopAPI.Controllers.CustomerController">
            <summary>
            Controller for managing customer data.
            </summary>
        </member>
        <member name="M:BeautyShopAPI.Controllers.CustomerController.#ctor(BeautyShopAPI.BL.Interfaces.ICustomerService,BeautyShopAPI.Validators.CustomerValidator)">
            <summary>
            Initializes a new instance of the <see cref="T:BeautyShopAPI.Controllers.CustomerController"/> class.
            </summary>
            <param name="customerService">The customer service.</param>
            <param name="customerValidator">The customer validator.</param>
        </member>
        <member name="M:BeautyShopAPI.Controllers.CustomerController.Get">
            <summary>
            Gets all customers.
            </summary>
            <returns>The list of customers.</returns>
        </member>
        <member name="M:BeautyShopAPI.Controllers.CustomerController.Get(System.Int32)">
            <summary>
            Gets a customer by ID.
            </summary>
            <param name="id">The customer ID.</param>
            <returns>The customer with the specified ID.</returns>
        </member>
        <member name="M:BeautyShopAPI.Controllers.CustomerController.Post(BeautyShopAPI.Models.Dto.CustomerDTO)">
            <summary>
            Adds a new customer.
            </summary>
            <param name="customerDto">The customer DTO.</param>
            <returns>The action result.</returns>
        </member>
        <member name="M:BeautyShopAPI.Controllers.CustomerController.Put(System.Int32,BeautyShopAPI.Models.Dto.CustomerDTO)">
            <summary>
            Updates an existing customer.
            </summary>
            <param name="id">The ID of the customer to update.</param>
            <param name="customerDto">The updated customer data.</param>
            <returns>The action result.</returns>
        </member>
        <member name="M:BeautyShopAPI.Controllers.CustomerController.Delete(System.Int32)">
            <summary>
            Deletes a customer by ID.
            </summary>
            <param name="id">The ID of the customer to delete.</param>
            <returns>The action result.</returns>
        </member>
        <member name="M:BeautyShopAPI.Controllers.CustomerController.GetAll(System.Int32,System.Int32,System.String)">
            <summary>
            Gets all customers with pagination and filtering support.
            </summary>
            <param name="page">The page number.</param>
            <param name="pageSize">The page size.</param>
            <param name="filter">The filter criteria.</param>
            <returns>The paginated list of customers.</returns>
        </member>
        <member name="T:BeautyShopAPI.Controllers.OrderController">
            <summary>
            Controller for managing orders.
            </summary>
        </member>
        <member name="M:BeautyShopAPI.Controllers.OrderController.Get">
            <summary>
            Retrieves all orders.
            </summary>
        </member>
        <member name="M:BeautyShopAPI.Controllers.OrderController.Get(System.Int32)">
            <summary>
            Retrieves a specific order by ID.
            </summary>
            <param name="id">The ID of the order to retrieve.</param>
        </member>
        <member name="M:BeautyShopAPI.Controllers.OrderController.Post(BeautyShopAPI.Models.Dto.OrderDTO)">
            <summary>
            Creates a new order.
            </summary>
            <param name="orderDto">The data for the new order.</param>
        </member>
        <member name="M:BeautyShopAPI.Controllers.OrderController.Put(System.Int32,BeautyShopAPI.Models.Dto.OrderDTO)">
            <summary>
            Updates an existing order.
            </summary>
            <param name="id">The ID of the order to update.</param>
            <param name="orderDto">The updated data for the order.</param>
        </member>
        <member name="M:BeautyShopAPI.Controllers.OrderController.Delete(System.Int32)">
            <summary>
            Deletes an existing order.
            </summary>
            <param name="id">The ID of the order to delete.</param>
        </member>
        <member name="M:BeautyShopAPI.Controllers.OrderController.GetAll(System.Int32,System.Int32,System.String)">
            <summary>
            Retrieves all orders with pagination and filtering support.
            </summary>
            <param name="page">The page number.</param>
            <param name="pageSize">The size of each page.</param>
            <param name="filter">The filter criteria.</param>
        </member>
        <member name="M:BeautyShopAPI.Controllers.ProductController.GetAll">
            <summary>
            Retrieves all products.
            </summary>
        </member>
        <member name="M:BeautyShopAPI.Controllers.ProductController.GetAll(System.Int32,System.Int32,System.String)">
            <summary>
            Retrieves paginated list of products with optional filtering.
            </summary>
            <param name="page">The page number to retrieve. Default is 1.</param>
            <param name="pageSize">The number of products per page. Default is 2.</param>
            <param name="filter">The filter string to apply to product names.</param>
            <returns>An ActionResult containing the paginated list of products.</returns>
        </member>
        <member name="M:BeautyShopAPI.Controllers.ProductController.Get(System.Int32)">
            <summary>
            Retrieves a product by its ID.
            </summary>
            <param name="id">The ID of the product to retrieve.</param>
        </member>
        <member name="M:BeautyShopAPI.Controllers.ProductController.Post(BeautyShopAPI.Models.Dto.ProductDTO)">
            <summary>
            Adds a new product.
            </summary>
            <param name="productDto">The product data to add.</param>
        </member>
        <member name="M:BeautyShopAPI.Controllers.ProductController.Put(System.Int32,BeautyShopAPI.Models.Dto.ProductDTO)">
            <summary>
            Updates an existing product.
            </summary>
            <param name="id">The ID of the product to update.</param>
            <param name="productDto">The updated product data.</param>
        </member>
        <member name="M:BeautyShopAPI.Controllers.ProductController.Delete(System.Int32)">
            <summary>
            Deletes a product by its ID.
            </summary>
            <param name="id">The ID of the product to delete.</param>
        </member>
        <member name="T:BeautyShopAPI.Controllers.TokenController">
            <summary>
            Controller for managing authentication tokens.
            </summary>
        </member>
        <member name="M:BeautyShopAPI.Controllers.TokenController.Post(BeautyShopAPI.Controllers.UserCredentials)">
            <summary>
            Generates a JWT token for authentication based on provided credentials.
            </summary>
            <param name="credentials">User credentials (username and password).</param>
            <returns>JWT token if authentication is successful; BadRequest if credentials are invalid.</returns>
        </member>
        <member name="T:BeautyShopAPI.Controllers.UserCredentials">
            <summary>
            Represents user credentials for authentication.
            </summary>
        </member>
    </members>
</doc>
