<?xml version="1.0"?>
<doc>
    <assembly>
        <name>BeautyShopAPI</name>
    </assembly>
    <members>
        <member name="T:BeautyShopAPI.Controllers.CustomerController">
            <summary>
            Controller for managing customer data.
            </summary>
        </member>
        <member name="M:BeautyShopAPI.Controllers.CustomerController.#ctor(BeautyShopAPI.BL.Interfaces.ICustomerService,BeautyShopAPI.Validators.CustomerValidator)">
            <summary>
            Initializes a new instance of the <see cref="T:BeautyShopAPI.Controllers.CustomerController"/> class.
            </summary>
            <param name="customerService">The customer service.</param>
            <param name="customerValidator">The customer validator.</param>
        </member>
        <member name="M:BeautyShopAPI.Controllers.CustomerController.Get">
            <summary>
            Gets all customers.
            </summary>
            <returns>The list of customers.</returns>
        </member>
        <member name="M:BeautyShopAPI.Controllers.CustomerController.Get(System.Int32)">
            <summary>
            Gets a customer by ID.
            </summary>
            <param name="id">The customer ID.</param>
            <returns>The customer with the specified ID.</returns>
        </member>
        <member name="M:BeautyShopAPI.Controllers.CustomerController.Post(BeautyShopAPI.Models.Dto.CustomerDTO)">
            <summary>
            Adds a new customer.
            </summary>
            <param name="customerDto">The customer DTO.</param>
            <returns>The action result.</returns>
        </member>
        <member name="M:BeautyShopAPI.Controllers.CustomerController.Put(System.Int32,BeautyShopAPI.Models.Dto.CustomerDTO)">
            <summary>
            Updates an existing customer.
            </summary>
            <param name="id">The ID of the customer to update.</param>
            <param name="customerDto">The updated customer data.</param>
            <returns>The action result.</returns>
        </member>
        <member name="M:BeautyShopAPI.Controllers.CustomerController.Delete(System.Int32)">
            <summary>
            Deletes a customer by ID.
            </summary>
            <param name="id">The ID of the customer to delete.</param>
            <returns>The action result.</returns>
        </member>
        <member name="M:BeautyShopAPI.Controllers.CustomerController.GetAll(System.Int32,System.Int32,System.String)">
            <summary>
            Gets all customers with pagination and filtering support.
            </summary>
            <param name="page">The page number.</param>
            <param name="pageSize">The page size.</param>
            <param name="filter">The filter criteria.</param>
            <returns>The paginated list of customers.</returns>
        </member>
    </members>
</doc>
